{"cuerpo":{"orientation":1,"name":"hjh","typeName":"Venta","width":50.0,"type":1,"childs":[{"with":80.0,"x":-1.6382673182441856,"y":-28.13668124142662,"text":"12345678901","type":"codebar","height":60.0},{"with":74.0,"x":84.0,"y":14.0,"text":"12345678","type":"codebar","height":60.0},{"with":86.765625,"x":7.0,"y":91.0,"text":"s\/ 100.00","type":"text","height":20.0}],"height":25.0}}